{
  "name": "Улучшенные машины",
  "category": "modern_industrialization:electric_age",
  "icon": "modern_industrialization:advanced_machine_hull",
  "pages": [
    {
      "type": "spotlight",
      "title": "Алюминий",
      "item": "modern_industrialization:aluminum_ingot",
      "text": "Алюминий - это материал, используемый для изготовления более совершенных машин. Как и другие электрические машины, эти новые машины будут подключаться только к кабелям низкого напряжения. Поместите бокситовую пыль в электрическую доменную печь, и вы получите алюминиевые самородки."
    },
    {
      "type": "crafting",
      "recipe": "modern_industrialization:electric_age/machine/centrifuge_asbl",
      "text": "Центрифуга разделяет предметы, вращая их на высокой скорости. Вы можете использовать её, чтобы делать угольную пыль и открывать лучшие рецепты для стали и кремния."
    },
    {
      "type": "crafting",
      "recipe": "modern_industrialization:electric_age/machine/chemical_reactor_asbl",
      "text": "Химический реактор позволяет взаимодействовать предметам и жидкостям друг с другом."
    },
    {
      "type": "crafting",
      "recipe": "modern_industrialization:electric_age/machine/distillery_asbl",
      "text": "Дистиллятор превращает различные жидкости в их более легкие части. Это будет очень полезно для нефтепереработки."
    },
    {
      "type": "crafting",
      "recipe": "modern_industrialization:electric_age/machine/electrolyzer_asbl",
      "text": "Электролизер может разделять материалы на различные части с помощью сильных электрических токов. Вы можете электризовать бокситовую пыль, чтобы получить алюминиевую пыль, которую затем можно напрямую переплавить в алюминиевые слитки в ЭДП."
    }
  ],
  "sortnum": 106
}