{
  "name": "Электрические машины",
  "category": "modern_industrialization:electric_age",
  "icon": "modern_industrialization:assembler",
  "pages": [
    {
      "type": "text",
      "text": "Электрические машины работают точно так же, как паровые, за исключением того, что им требуется электричество вместо пара, и они постепенно разгоняют рецепты до 32 EU/т. $(br2)Вы можете использовать REI, чтобы просмотреть рецепты для электрических версий машин, с которыми вы уже знакомы."
    },
    {
      "type": "crafting",
      "recipe": "modern_industrialization:electric_age/machine/polarizer_asbl",
      "text": "Поляризатор поляризует всякие штуки. Рецептов пока не много, но уже можно автоматизировать двигатели!"
    },
    {
      "type": "crafting",
      "recipe": "modern_industrialization:electric_age/machine/assembler_asbl",
      "text": "Первая машина, которую захочется дублировать много раз! Сборщик позволяет автоматизировать почти все рецепты, до трех на сборщик, если вы используете блокировку слотов."
    },
    {
      "type": "text",
      "text": "Мы настоятельно рекомендуем вам как можно скорее автоматизировать корпус машины, аналоговые схемы, двигатели, поршни, руки роботов и конвейерные ленты с помощью сборщиков, что сделает создание электрических машин  практически бесплатным!"
    },
    {
      "type": "crafting",
      "recipe": "modern_industrialization:electric_age/machine/configurable_chest_asbl",
      "text": "Настраиваемый сундук - это не машина, но если у вас есть аналоговые схемы, вы можете его создать!$(br2)Он имеет 21 настраиваемый слот и функцию автоматического извлечения! Очень полезно для автоматизации!"
    }
  ],
  "sortnum": 104
}