{
  "name": "Электрическая доменная печь",
  "category": "modern_industrialization:electric_age",
  "icon": "modern_industrialization:electric_blast_furnace",
  "pages": [
    {
      "type": "crafting",
      "recipe": "modern_industrialization:electric_age/machine/electric_blast_furnace_asbl",
      "text": "Электрическая доменная печь (ЭДП) - это электрическая версия паровой доменной печи. Она открывает новые рецепты и, как и у других многоблочных электрических машин, её разгон по умолчанию ограничен до 128 EU/т."
    },
    {
      "type": "crafting",
      "recipe": "modern_industrialization:materials/cupronickel/craft/coil",
      "text": "ЭДП состоит из одного слоя жаростойких обшивок машин, двух полых слоев купроникелевых катушек и еще одного слоя жаростойких обшивок машин. Контроллер должен располагаться на нижнем слое, а люки - на верхнем или нижнем слое."
    },
    {
      "type": "crafting",
      "recipe": "modern_industrialization:hatches/basic/energy_input_hatch",
      "text": "Не забудьте добавить люки ввода энергии, иначе у ЭДП не будет энергии! Люк ввода энергии низкого напряжения будет подключаться только к кабелям низкого напряжения."
    },
    {
      "type": "crafting",
      "recipe": "modern_industrialization:hatches/advanced/energy_input_hatch",
      "text": "Люки ввода энергии среднего напряжения подключаются только к кабелям среднего напряжения, что может быть полезно, если вам требуется тонна энергии для вашей ЭДП! Вы пока не сможете создать их, но имейте в виду, что они существуют..."
    }
  ],
  "sortnum": 105
}