{
  "name": "Улучшенные мультиблоки",
  "category": "modern_industrialization:electric_age",
  "icon": "modern_industrialization:electric_quarry",
  "pages": [
    {
      "type": "crafting",
      "recipe": "modern_industrialization:electric_age/machine/electric_quarry_asbl",
      "text": "Электрический карьер - это электрический эквивалент парового карьера. Обеспечьте его предметами и энергией и следите, как ваши ресурсы делают ВРУМ-ВРУМ!$(br2)Его структура в точности такая же, как у парового карьера."
    },
    {
      "type": "crafting",
      "recipe": "modern_industrialization:electric_age/machine/advanced_large_steam_boiler_asbl",
      "text": "Большой паровой котел лучше и больше обычного! Эта усовершенствованная версия может производить до 1024 мб/т пара!"
    }
  ],
  "sortnum": 107
}