{
  "name": "Дизельный реактивный ранец и инструменты",
  "category": "modern_industrialization:electric_age",
  "icon": "modern_industrialization:diesel_jetpack",
  "pages": [
    {
      "type": "crafting",
      "recipe": "modern_industrialization:armor/diesel_jetpack",
      "text": "Реактивный ранец делает врум-врум... Чем мощнее топливо, тем быстрее реактивный ранец! Мы рекомендуем вместе с ранцем использовать резиновые сапоги и резиновый шлем...$(br2)Не забудьте активировать его с помощью сочетания клавиш $(o)Toggle Flight$()!"
    },
    {
      "type": "crafting",
      "recipe": "modern_industrialization:armor/rubber_helmet",
      "recipe2": "modern_industrialization:armor/rubber_boots"
    },
    {
      "type": "crafting",
      "recipe": "modern_industrialization:tools/diesel_mining_drill",
      "text": "Этот шахтёрский бур, наконец, сможет заменить ваши кирки и лопаты. Заполните его мощным топливом для максимальной скорости!$(br2)Переключайтесь между режимами Шёлкового касания и Удачи III, используя Shift+ПКМ."
    },
    {
      "type": "crafting",
      "recipe": "modern_industrialization:tools/diesel_chainsaw",
      "text": "Вырубайте деревья стильно!"
    }
  ],
  "sortnum": 109
}