{
  "name": "Большой бак",
  "category": "modern_industrialization:electric_age",
  "icon": "modern_industrialization:large_tank",
  "pages": [
    {
      "type": "crafting",
      "recipe": "modern_industrialization:electric_age/machine/large_tank_asbl",
      "text": "Большой бак - это мультиблок, который позволяет хранить большое количество жидкости, например пара. Он может вместить до 64-х вёдер жидкости для каждого блока конструкции (включая боковые стороны)."
    },
    {
      "type": "text",
      "text": "Вы увидите только подсказку построения для самого маленького бака, но вы можете сами добавить слои сверху, сзади и по бокам бака. Важно: передняя поверхность должна оставаться симметричной по горизонтали.$(br2)Доступ к баку возможен только через трубы и только через контроллер.$(br2)Разрушение контролера приведет к потере всей хранящейся жидкости!"
    }
  ],
  "sortnum": 101
}