{
  "name": "Большой паровой котёл",
  "category": "modern_industrialization:electric_age",
  "icon": "modern_industrialization:large_steam_boiler",
  "pages": [
    {
      "type": "crafting",
      "recipe": "modern_industrialization:electric_age/machine/large_steam_boiler_asbl",
      "text": "Большой паровой котёл - это улучшенная версия меньших бронзового и стального котлов. Он потребляет топливо в 8 раз быстрее, чем печь, но при полном нагреве производит 256 мб/т пара. Не забывайте про воду, иначе ничего не получится!"
    },
    {
      "type": "crafting",
      "recipe": "modern_industrialization:electric_age/casing/bronze_plated_bricks_asbl",
      "text": "Основной блок, который вам понадобится, - это кирпичи с бронзовым покрытием, но вам также понадобятся бронзовые обшивки труб и жаростойкие обшивки машин."
    },
    {
      "type": "crafting",
      "recipe": "modern_industrialization:steam_age/bronze/casing_pipe_asbl",
      "recipe2": "modern_industrialization:electric_age/casing/heatproof_machine_casing_asbl"
    },
    {
      "type": "text",
      "text": "Большой паровой котёл состоит из одного слоя жаростойких обшивок машин и трех слоев кирпичей с бронзовым покрытием.$(br2)Контроллер располагается на втором слое (т.е. первый слой состоит из кирпичей с бронзовым покрытием).$(br2)Два средних слоя заполняют собой бронзовые обшивки труб.$(br2)Люки должны быть размещены на нижнем слое."
    }
  ],
  "sortnum": 102
}