{
  "name": "Изготовление кабелей",
  "category": "modern_industrialization:electric_age",
  "icon": "modern_industrialization:tin_wire",
  "pages": [
    {
      "type": "text",
      "text": "Смешайте коксовую пыль с водой в смешивателе, и вы получите сырую синтетическую нефть, которую вы можете сжечь в паровой доменной печи, чтобы получить синтетическую нефть. Смешайте её с бумагой, и вы получите резиновые листы!$(br2)Настоятельно рекомендуется автоматизировать этот процесс! Учтите, что бумагу можно сделать из дерева с использованием древесной массы."
    },
    {
      "type": "crafting",
      "recipe": "modern_industrialization:steam_age/steel/wiremill_asbl",
      "text": "Для создания проволоки вам понадобится Волочильный стан! Объедините полученную проволоку с резиновыми листами, чтобы получить кабели!"
    }
  ],
  "sortnum": 100
}