{
  "name": "Переработка нефти",
  "category": "modern_industrialization:electric_age",
  "icon": "modern_industrialization:bucket_diesel",
  "pages": [
    {
      "type": "crafting",
      "recipe": "modern_industrialization:oil/oil_drilling_rig_asbl",
      "text": "Нефтебуровая установка - это огромный мультиблок, который может добывать сырую нефть под коренной породой, используя жидкостные трубы. Да, по сути, это нефтяной карьер. Переработка нефти даст вам массу побочных продуктов и энергии!"
    },
    {
      "type": "text",
      "text": "Структура мультиблока состоит из: стальных обшивок машин, стальных обшивок труб и цепей, которые вы можете увидеть, поместив контроллер и наведя на него гаечным ключом в руках. Люки можно заменить на стальные обшивки машин, но убедитесь, что у него есть хотя бы по одному люку для ввода предметов, вывода жидкости и ввода энергии!$(br2)Сырую нефть можно превратить в различные виды топлива и использовать для более эффективного производства резиновых листов."
    },
    {
      "type": "crafting",
      "recipe": "modern_industrialization:electric_age/machine/diesel_generator_asbl",
      "text": "В дизельном генераторе можно сжигать различные виды топлива, и вы можете проверить в REI, сколько EU производит каждое топливо. Дизельный генератор будет производить до 128 ЕU/т и будет подключаться только к кабелям СН."
    },
    {
      "type": "text",
      "text": "Дизельные генераторы будут использовать топливо только тогда, когда это необходимо, но если вам нужен постоянный запас энергии, вы можете поместить жидкое топливо в большой паровой котёл вместо предметов.$(br2)Полностью нагретый большой паровой котел будет производить примерно вдвое больше энергии, чем дизельный генератор, используя одинаковое количество топлива."
    }
  ],
  "sortnum": 108
}