{
  "name": "Electric Machines",
  "category": "modern_industrialization:electric_age",
  "icon": "modern_industrialization:assembler",
  "pages": [
    {
      "type": "text",
      "text": "Electric machines work exactly the same as steam machines, except that they require electricity instead of steam and they progressively overclock recipes up to 32 EU/t.$(br2)You can use REI to view the recipes for the electric version of the machines you are already familiar with."
    },
    {
      "type": "crafting",
      "recipe": "modern_industrialization:electric_age/machine/polarizer_asbl",
      "text": "The Polarizer polarizes stuff. It doesn't have many recipes yet, but it is already useful to automate Motors!"
    },
    {
      "type": "crafting",
      "recipe": "modern_industrialization:electric_age/machine/assembler_asbl",
      "text": "The first machine you'll want to make a lot of! The Assembler allows you to automate almost all recipes, up to 3 per Assembler if you use slot locking."
    },
    {
      "type": "text",
      "text": "We strongly suggest that you automate Machine Hull, Analog Circuits, Motors, Pistons, Robot Arms and Conveyor Belts using Assemblers as soon as possible, that will make crafting electric machines basically free!"
    },
    {
      "type": "crafting",
      "recipe": "modern_industrialization:electric_age/machine/configurable_chest_asbl",
      "text": "The Configurable Chest is not a machine, but once you have Analog Circuits, you can craft it!$(br2)It has 21 configurable slots, and auto-extract functionality! Very useful for automation!"
    }
  ],
  "sortnum": 104
}