{
  "name": "Electric Blast Furnace",
  "category": "modern_industrialization:electric_age",
  "icon": "modern_industrialization:electric_blast_furnace",
  "pages": [
    {
      "type": "crafting",
      "recipe": "modern_industrialization:electric_age/machine/electric_blast_furnace_asbl",
      "text": "The Electric Blast Furnace is the electric version of the Steam Blast Furnace. It unlocks new recipes and like other multiblock electric machines, its overclock is bounded to 128 EU/t by default."
    },
    {
      "type": "crafting",
      "recipe": "modern_industrialization:materials/cupronickel/craft/coil",
      "text": "The EBF is made of one layer of Heatproof Machine Casings, two hollow layers of Cupronickel Coils and one other layer of Heatproof Machine Casings. The controller must go on the bottom layer, and hatches on the top or bottom layer."
    },
    {
      "type": "crafting",
      "recipe": "modern_industrialization:hatches/basic/energy_input_hatch",
      "text": "Don't forget to add Energy Input Hatch(es) or the EBF won't have energy! The LV Energy Input Hatch will only connect to LV cables."
    },
    {
      "type": "crafting",
      "recipe": "modern_industrialization:hatches/advanced/energy_input_hatch",
      "text": "MV Energy Input Hatches will only connect to MV cables, which can be useful if you need a ton of energy for your EBF! You can't craft them yet, but keep in mind they exist..."
    }
  ],
  "sortnum": 105
}