{
  "name": "Diesel Jetpack and Tools",
  "category": "modern_industrialization:electric_age",
  "icon": "modern_industrialization:diesel_jetpack",
  "pages": [
    {
      "type": "crafting",
      "recipe": "modern_industrialization:armor/diesel_jetpack",
      "text": "Jetpack go brrr... The more powerful the fuel, the faster the jetpack! We recommend Rubber Boots and a Rubber Helmet...$(br2)Don't forget to activate it using the $(o)Toggle Flight$() keybinding!"
    },
    {
      "type": "crafting",
      "recipe": "modern_industrialization:armor/rubber_helmet",
      "recipe2": "modern_industrialization:armor/rubber_boots"
    },
    {
      "type": "crafting",
      "recipe": "modern_industrialization:tools/diesel_mining_drill",
      "text": "This Mining Drill can finally replace your Pickaxes and Shovels. Fill it with powerful fuel for the best speed!$(br2)Toggle between Silk Touch and Fortune III with shift right-click."
    },
    {
      "type": "crafting",
      "recipe": "modern_industrialization:tools/diesel_chainsaw",
      "text": "Cutting down trees in style!"
    }
  ],
  "sortnum": 109
}