{
  "name": "Making Cables",
  "category": "modern_industrialization:electric_age",
  "icon": "modern_industrialization:tin_wire",
  "pages": [
    {
      "type": "text",
      "text": "Mix Coke Dust with Water in a mixer and you will get Raw Synthetic Oil, which you can burn in a Steam Blast Furnace to get Synthetic Oil. Mix it with paper and that gives you rubber sheets!$(br2)Automating this process is strongly recommended! Note that paper can be made from wood using wood pulp."
    },
    {
      "type": "crafting",
      "recipe": "modern_industrialization:steam_age/steel/wiremill_asbl",
      "text": "For the wires, you will need the Wiremill! Combine these wires with rubber sheets to get cables!"
    }
  ],
  "sortnum": 100
}