{
  "name": "Oil Processing",
  "category": "modern_industrialization:electric_age",
  "icon": "modern_industrialization:bucket_diesel",
  "pages": [
    {
      "type": "crafting",
      "recipe": "modern_industrialization:oil/oil_drilling_rig_asbl",
      "text": "The Oil Drilling Rig is a huge multiblock that can dig for Crude Oil under the bedrock using fluid pipes. Yes, it's an oil quarry basically. Oil processing will give you a ton of byproducts and energy!"
    },
    {
      "type": "text",
      "text": "The structure of the multiblock is made of: Steel Machine Casings, Steel Pipe Machine Casings and Chains as you can see by placing the controller and holding a Wrench. The Hatches can be replaced by Steel Machine Casings, but be sure to have at least Item Input, Fluid Output and Energy Input Hatches!$(br2)Crude Oil can be turned into various fuels and used for more efficient Rubber Sheet production."
    },
    {
      "type": "crafting",
      "recipe": "modern_industrialization:electric_age/machine/diesel_generator_asbl",
      "text": "Various fuels can be burned in the Diesel Generator, and you can check in REI how many EU each fuel produces. The Diesel Generator will produce up to 128 EU/t and will only connect to MV cables."
    },
    {
      "type": "text",
      "text": "Diesel Generators will only use fuel when they need to, but if you need a constant supply of energy, you can put liquid fuels in the Large Steam Boiler instead of items.$(br2)A fully heated Large Steam Boiler will roughly produce twice the amount of energy a Diesel Generator would produce using the same quantity of fuel."
    }
  ],
  "sortnum": 108
}