{
  "name": "Do You Like Coke?",
  "category": "modern_industrialization:steam_age",
  "icon": "modern_industrialization:coke_oven",
  "pages": [
    {
      "type": "text",
      "text": "Once you have had enough of the bronze machines, you can start working toward making steel. The ultimate goal is to be able to build the quarry, a multiblock that will dig ores for you!$(br2)The first step is to make coke, by heating coal without oxygen. For that, you will need to build a Coke Oven multiblock."
    },
    {
      "type": "crafting",
      "recipe": "modern_industrialization:steam_age/fireclay/coke_oven",
      "text": "For this first multiblock, you will need the Coke Oven itself of course, 21 Bricks and 3 $(thing)Hatches$(): an item input, an item output and a fluid input."
    },
    {
      "type": "crafting",
      "recipe": "modern_industrialization:hatches/bronze/item_input_hatch",
      "recipe2": "modern_industrialization:hatches/bronze/item_output_hatch"
    },
    {
      "type": "crafting",
      "recipe": "modern_industrialization:hatches/bronze/fluid_input_hatch",
      "recipe2": "modern_industrialization:hatches/bronze/fluid_output_hatch"
    },
    {
      "type": "text",
      "text": "The Coke Oven block here has the role of a $(thing)Controller$(). Every multiblock is managed by a controller, but you usually cannot interact with the controller directly: all input and output goes through hatches. We need a fluid input because the coke oven is powered by steam, we need an item input for the coal and an output for the coke.$(br2)If we forget one of the hatches, the coke oven will not be able to start!"
    },
    {
      "type": "text",
      "text": "$(l)Hold a Wrench to see the missing blocks and the errors!$() You can also hold a Hatch to know where it can go.$(br2)We need 21 Bricks for this multiblock! Check REI, it says 24 total, but we have 3 hatches so we only need bricks for the 21 remaining blocks!"
    },
    {
      "type": "image",
      "title": "Coke Oven!",
      "images": [
        "modern_industrialization:textures/guidebook/coke_oven.png"
      ],
      "text": "There are many ways to place the hatches, this is one of them!"
    },
    {
      "type": "text",
      "text": "Once the Coke Oven says $(o)Shape Valid$(), fill the fluid input hatch with steam, put coal in the item input hatch and you're good to go!$(br2)Coke will be very useful for steel, but it is also a powerful fuel. It lasts 4 times as long as coal!"
    }
  ],
  "sortnum": 9
}