{
  "name": "Your First Bronze!",
  "category": "modern_industrialization:steam_age",
  "icon": "modern_industrialization:bronze_dust",
  "pages": [
    {
      "type": "text",
      "text": "First, you need to make copper and tin (tiny) dusts by hammering copper and tin ingots (nuggets) in the forge hammer. You can then combine copper and tin (tiny) dusts to make bronze (tiny) dust. This process is more efficient in a $(l:modern_industrialization:steam_age/steam_machines)Mixer$().$(br2)Always remember that 9 tiny dusts are one dust."
    },
    {
      "type": "crafting",
      "recipe": "modern_industrialization:materials/bronze_dust",
      "recipe2": "modern_industrialization:materials/bronze_tiny_dust"
    },
    {
      "type": "smelting",
      "recipe": "modern_industrialization:materials/bronze/smelting/dust_to_ingot_smelting",
      "text": "Smelting bronze dust will give you a bronze ingot."
    }
  ],
  "sortnum": 1
}