{
  "name": "Tanks & Barrels",
  "category": "modern_industrialization:steam_age",
  "icon": "modern_industrialization:bronze_tank",
  "pages": [
    {
      "type": "text",
      "text": "Bronze tanks can store 4 buckets of fluid each, you can use them to interact with machines, and you can place them in the world.$(br2)Bronze barrels can be used to store and move 32 stacks of one item. Check the next pages for more information!"
    },
    {
      "type": "crafting",
      "recipe": "modern_industrialization:materials/bronze/craft/tank",
      "text": "When placed in the world, you can right-click them with buckets or other tanks to transfer fluids.$(br2)Also, you can stack them if they have the same contents. How nifty!"
    },
    {
      "type": "text",
      "text": "If you break a barrel it will keep its stored contents, and you will get an item that you can interact with.$(br2)Left-click on a barrel item with an item to insert it into the barrel.$(br2)Left-click the barrel item on an empty slot to extract some items from it."
    },
    {
      "type": "crafting",
      "recipe": "modern_industrialization:materials/bronze/craft/barrel",
      "text": "You can't interact with barrels that are placed directly, but pipes and machines can just fine."
    }
  ],
  "sortnum": 7
}