{
  "name": "Горячая вода",
  "category": "modern_industrialization:steam_age",
  "icon": "modern_industrialization:bronze_boiler",
  "pages": [
    {
      "type": "text",
      "text": "Паровым машинам для работы нужен пар, и это именно то, что производит котёл.$(br2)Он будет медленно расходовать топливо для нагрева. Когда котёл станет достаточно горячим, то начнет производить пар. Не забывайте кормить его водой, иначе ваше топливо сгорит даром."
    },
    {
      "type": "smelting",
      "recipe": "modern_industrialization:vanilla_recipes/steam_bucket",
      "text": "Вы также можете обратить в ведра пара ведра воды. Сделайте свой первый $(l:modern_industrialization:steam_age/steam_machines)Бронзовый компрессор$() перед созданием котла, чтобы сильно сэкономить на пластинах!$(br2)Переверните страницу чтобы увидеть сам котёл..."
    },
    {
      "type": "crafting",
      "recipe": "modern_industrialization:steam_age/bronze/boiler_asbl",
      "text": "Возможно, сейчас он кажется безумно дорогим, но не забывайте, что вы можете удваивать руды. Кроме того, как только у вас появятся первые две паровые машины, котёл станет в три раза дешевле!"
    },
    {
      "type": "crafting",
      "recipe": "modern_industrialization:materials/fire_clay_dust",
      "text": "Чтобы сделать огнеупорные кирпичи, вам нужно приготовить пыль огнеупорной глины, а для её изготовления вам понадобится кирпичная пыль. Чтобы сделать её, разбейте с помощью кузнечного молота кирпичи (предмет, а не блок). Используя паровые машины можно повысить эффективность процесса."
    }
  ],
  "sortnum": 2
}