{
  "name": "Ты любишь кокс?",
  "category": "modern_industrialization:steam_age",
  "icon": "modern_industrialization:coke_oven",
  "pages": [
    {
      "type": "text",
      "text": "Когда у вас будет достаточно бронзовых машин, вы сможете приступить к производству стали. Конечная цель - построить карьер, мультиблок, который будет добывать за вас руду!$(br2)Первый шаг - получить кокс путем нагревания угля без кислорода. Для этого вам нужно будет построить мультиблочную коксовую печь."
    },
    {
      "type": "crafting",
      "recipe": "modern_industrialization:steam_age/fireclay/coke_oven",
      "text": "Для этого первого мультиблока вам, конечно же, понадобится сама коксовая печь, 21 кирпич и 3 $(thing)люка$(): предметный вход, предметный выход и жидкостный вход."
    },
    {
      "type": "crafting",
      "recipe": "modern_industrialization:hatches/bronze/item_input_hatch",
      "recipe2": "modern_industrialization:hatches/bronze/item_output_hatch"
    },
    {
      "type": "crafting",
      "recipe": "modern_industrialization:hatches/bronze/fluid_input_hatch",
      "recipe2": "modern_industrialization:hatches/bronze/fluid_output_hatch"
    },
    {
      "type": "text",
      "text": "Блок коксовой печи здесь выполняет роль $(thing)контроллера$(). Каждый мультиблок управляется контроллером, но обычно вы не можете напрямую взаимодействовать с контроллером: все входные и выходные ресурсы проходят через люки. Нам нужен жидкостный вход, потому что коксовая печь приводится в действие паром, нам нужен предметный вход для угля и выход для кокса.$(br2)Если мы забудем один из люков, коксовая печь не сможет запуститься!"
    },
    {
      "type": "text",
      "text": "$(l)Наведите на печь с гаечным ключом в руках, чтобы увидеть недостающие блоки и ошибки!$() Вы также можете взять в руки люк, чтобы узнать, куда его можно установить.$(br2)Нам нужен 21 кирпич для этого мультиблока! Проверьте REI, он говорит что нужно 24, но у нас есть 3 люка, поэтому нам нужны кирпичи только для 21 оставшегося блока!"
    },
    {
      "type": "image",
      "title": "Коксовая печь!",
      "images": [
        "modern_industrialization:textures/guidebook/coke_oven.png"
      ],
      "text": "Есть много способов разместить люки, это один из них!"
    },
    {
      "type": "text",
      "text": "Как только коксовая печь сообщит что $(o)форма правильная$(), заполните жидкостный входной люк паром, поместите уголь в предметный входной люк, и все готово!$(br2)Кокс будет очень полезен для стали, но это еще и мощное топливо. Он заканчивается в 4 раза дольше, чем уголь!"
    }
  ],
  "sortnum": 9
}
