{
  "name": "Better Diesel",
  "category": "modern_industrialization:midgame",
  "icon": "modern_industrialization:turbo_diesel_generator",
  "pages": [
    {
      "type": "crafting",
      "recipe": "modern_industrialization:electric_age/machine/turbo_diesel_generator_asbl",
      "text": "Keep in mind you can use a Turbo Diesel Generator for compat HV power generation. As you might expect, it produces up to 512 EU/t. Remember that you can find the amount of energy stored in every fuel with REI."
    },
    {
      "type": "crafting",
      "recipe": "modern_industrialization:electric_age/machine/large_diesel_generator_asbl",
      "text": "Once you have access to processing units and highly advanced machine hulls, considering making a few Large Diesel Generators. Each of these bad boys will turn fuel into EU, up to 16384 EU/t!"
    }
  ],
  "sortnum": 204
}