{
  "name": "Stainless Steel",
  "category": "modern_industrialization:midgame",
  "icon": "modern_industrialization:stainless_steel_dust",
  "pages": [
    {
      "type": "spotlight",
      "title": "Stainless Steel",
      "item": "modern_industrialization:stainless_steel_ingot",
      "text": "Stainless Steel is the next material you will want a large quantity of. Read on to know why!$(br2)Smelting stainless steel dust in an EBF will give you hot ingots, which you can cool back into regular ingots with a Vacuum Freezer."
    },
    {
      "type": "crafting",
      "recipe": "modern_industrialization:electric_age/machine/vacuum_freezer_asbl",
      "text": "You can check the base materials with REI, and the exact shape with a wrench!"
    },
    {
      "type": "crafting",
      "recipe": "modern_industrialization:electric_age/machine/distillation_tower_asbl",
      "text": "Once you get some digital circuits going, make sure to build a Distillation Tower. The Distillery only gives you one oil processing output, but the tower gives you ONE PER LAYER!"
    },
    {
      "type": "crafting",
      "recipe": "modern_industrialization:tools/screwdriver",
      "text": "To change the height of the Distillation Tower, right-click it with a screwdriver. This applies to other multiblocks with multiple shapes as well, $(l)such as the Kanthal tier EBF.$()"
    }
  ],
  "sortnum": 201
}