{
  "name": "Улучшенный дизель",
  "category": "modern_industrialization:midgame",
  "icon": "modern_industrialization:turbo_diesel_generator",
  "pages": [
    {
      "type": "crafting",
      "recipe": "modern_industrialization:electric_age/machine/turbo_diesel_generator_asbl",
      "text": "Имейте в виду, что вы можете использовать турбо дизельный генератор для выработки электроэнергии ВН. Как и следовало ожидать, он производит до 512 EU/т. Помните, что с REI вы можете узнать количество энергии, содержащейся в каждом топливе."
    },
    {
      "type": "crafting",
      "recipe": "modern_industrialization:electric_age/machine/large_diesel_generator_asbl",
      "text": "Как только у вас будет доступ к процессорам и высокотехнологичным обшивкам машин, подумайте о создании нескольких больших дизельных генераторов. Каждый из этих плохих парней превратит топливо в EU, до 16384 EU/т!"
    }
  ],
  "sortnum": 204
}