{
  "name": "Скорость жидкостных труб",
  "category": "modern_industrialization:midgame",
  "icon": "minecraft:water_bucket",
  "pages": [
    {
      "type": "text",
      "text": "Вам может быть интересно, как вы можете передавать все эти несколько тысяч миллибакетов пара за каждый тик? Ответ: обычными жидкостными трубами!$(br2)Каждая жидкостная труба имеет внутренний буфер размером ровно на одно ведро (= 1000 миллибакетов). Когда вы подключаете несколько каналов напрямую, они становятся связанными и совместно используют свою внутреннюю память."
    },
    {
      "type": "text",
      "text": "Количество жидкости, передаваемой за каждый тик, ограничивается общей емкостью сети. Например, 25 соединенных вместе труб для жидкости могут пропускать до 25000 мб/т жидкости - конечно, при условии, что вы можете произвести такое количество жидкости!$(br2)Обратите внимание, что вы можете быть ограничены скоростями передачи резервуаров/машин, к которым подключены трубы."
    }
  ],
  "sortnum": 203
}