{
  "name": "Высокое давление!",
  "category": "modern_industrialization:midgame",
  "icon": "modern_industrialization:pressurizer",
  "pages": [
    {
      "type": "crafting",
      "recipe": "modern_industrialization:electric_age/machine/pressurizer_asbl",
      "text": "Компенсатор давления - это новый мультиблок из титана, который может превращать воду в воду высокого давления, пар в пар высокого давления и наоборот."
    },
    {
      "type": "crafting",
      "recipe": "modern_industrialization:electric_age/machine/high_pressure_large_steam_boiler_asbl",
      "text": "Как только вы получите доступ к воде высокого давления, вы сможете использовать большой паровой котёл высокого давления для производства пара высокого давления.$(br2)Один миллибакет пара высокого давления стоит 8 мб обычного пара, то есть 8 EU."
    },
    {
      "type": "crafting",
      "recipe": "modern_industrialization:electric_age/machine/large_steam_turbine_asbl",
      "text": "Большая паровая турбина будет принимать как обычный пар (1 мб = 1 EU), так и пар высокого давления (1 мб = 8 EU), и будет производить до 4096 EU/т! $(l)Однако, она не вернет вам никакую воду.$()"
    },
    {
      "type": "crafting",
      "recipe": "modern_industrialization:electric_age/machine/heat_exchanger_asbl",
      "text": "Помните, что преобразование воды в воду высокого давления требует больших затрат энергии, но турбина не вернет ее! Вы можете использовать теплообменник для возврата воды высокого давления для другого цикла."
    },
    {
      "type": "crafting",
      "recipe": "modern_industrialization:electric_age/machine/hv_steam_turbine_asbl",
      "text": "Другой вариант для небольших установок - использование паровой турбины ВН. Как и другие генераторы высокого напряжения, она будет производить 512 EU/т. Она принимает только обычный пар."
    }
  ],
  "sortnum": 202
}