{
  "name": "Имплозионный компрессор!",
  "category": "modern_industrialization:midgame",
  "icon": "modern_industrialization:implosion_compressor",
  "pages": [
    {
      "type": "spotlight",
      "title": "Знакомый синий самоцвет",
      "item": "minecraft:diamond",
      "text": "Имплозионный компрессор, использующий промышленный ТНТ, способен сжимать пыль и слитки самых прочных материалов, включая вольфрам, взрывоустойчивый сплав, бериллий - эти материалы очень важны для ядерного деления - и, наконец, алмазы!"
    },
    {
      "type": "crafting",
      "recipe": "modern_industrialization:electric_age/machine/implosion_compressor_asbl",
      "text": "Надеюсь, вы уже научились проверять каждый рецепт REI, так что вы легко обнаружите, что взрывоустойчивые смешанные слитки и самородки вольфрама можно изготавливать с помощью компрессора... до тех пор, пока вы не получите свой первый имплозионный компрессор!"
    }
  ],
  "sortnum": 205
}