{
  "name": "Улучшения!",
  "category": "modern_industrialization:midgame",
  "icon": "modern_industrialization:basic_upgrade",
  "pages": [
    {
      "type": "spotlight",
      "title": "Улучшения разгона",
      "item": "modern_industrialization:basic_upgrade",
      "text": "А вы знаете, что у обычных электрических машин разгон ограничен 32 EU/т, а у электрических мультиблоков разгон ограничен 128 EU/т?$(br2)Щелкните правой кнопкой мыши по машине или мультиблоку с улучшением в руке, чтобы увеличить его максимальный разгон! Проверьте REI, чтобы узнать точные количества."
    },
    {
      "type": "crafting",
      "recipe": "modern_industrialization:tools/crowbar",
      "text": "Нажмите Shift+ПКМ по машине с монтировкой в руке, чтобы снять содержащиеся на ней улучшения. Щелкните по машине правой кнопкой мыши, чтобы удалить её улучшенный корпус и вернуть её на уровень НН. Подожди, это вообще возможно?..."
    },
    {
      "type": "spotlight",
      "title": "Модернизация корпуса машины",
      "item": "modern_industrialization:advanced_machine_hull",
      "text": "Да, конечно! Щелкните ПКМ по машине с улучшенным корпусом, чтобы изменить её на уровень СН: теперь она будет принимать только кабели СН. Щелкните ПКМ с монтировкой в руке, чтобы удалить улучшение."
    }
  ],
  "sortnum": 200
}