{
    "textures": {
        "forge_hammer": "modern_industrialization:blocks/forge_hammer",
        "particle" :  "modern_industrialization:blocks/forge_hammer"
    },
    "display": {
        "gui": {
            "rotation": [ 30, 45, 0 ],
            "translation": [ 0, 0, 0 ],
            "scale": [ 0.625, 0.625, 0.625 ]
        },
        "ground": {
            "rotation": [ 0, 0, 0 ],
            "translation": [ 0, 3, 0 ],
            "scale": [ 0.25, 0.25, 0.25 ]
        },
        "fixed": {
            "rotation": [ 0, 180, 0 ],
            "translation": [ 0, 0, 0 ],
            "scale": [ 1, 1, 1 ]
        },
        "head": {
            "rotation": [ 0, 180, 0 ],
            "translation": [ 0, 0, 0 ],
            "scale": [ 1, 1, 1 ]
        },
        "firstperson_righthand": {
            "rotation": [ 0, 315, 0 ],
            "translation": [ 0, 2.5, 0 ],
            "scale": [ 0.4, 0.4, 0.4 ]
        },
        "thirdperson_righthand": {
            "rotation": [ 75, 315, 0 ],
            "translation": [ 0, 2.5, 0 ],
            "scale": [ 0.375, 0.375, 0.375 ]
        }
    },
    "elements": [
        {
            "name": "Base",
            "from": [ 1, 0, 1 ], 
            "to": [ 15, 4, 15 ], 
            "faces": {
                "north": { "texture": "#forge_hammer", "uv": [ 1, 0, 15, 4 ] },
                "east": { "texture": "#forge_hammer", "uv": [ 1, 0, 15, 4 ] },
                "south": { "texture": "#forge_hammer", "uv": [ 1, 0, 15, 4 ] },
                "west": { "texture": "#forge_hammer", "uv": [ 1, 0, 15, 4 ] },
                "up": { "texture": "#forge_hammer", "uv": [ 0, 0, 16, 16 ] },
                "down": { "texture": "#forge_hammer", "uv": [ 0, 0, 16, 16 ] }
            }
        },
        {
            "name": "Base 2",
            "from": [ 3, 4, 3 ], 
            "to": [ 13, 5, 13 ], 
            "faces": {
                "north": { "texture": "#forge_hammer", "uv": [ 3, 0, 13, 1 ] },
                "east": { "texture": "#forge_hammer", "uv": [ 3, 0, 13, 1 ] },
                "south": { "texture": "#forge_hammer", "uv": [ 3, 0, 13, 1 ] },
                "west": { "texture": "#forge_hammer", "uv": [ 3, 0, 13, 1 ] },
                "up": { "texture": "#forge_hammer", "uv": [ 3, 3, 13, 13 ] }
            }
        },
        {
            "name": "Pillar",
            "from": [ 4, 5, 4 ], 
            "to": [ 12, 11, 12 ], 
            "faces": {
                "north": { "texture": "#forge_hammer", "uv": [ 4, 0, 12, 6 ] },
                "east": { "texture": "#forge_hammer", "uv": [ 4, 0, 12, 6 ] },
                "south": { "texture": "#forge_hammer", "uv": [ 4, 0, 12, 6 ] },
                "west": { "texture": "#forge_hammer", "uv": [ 4, 0, 12, 6 ] }
            }
        },
        {
            "name": "Top",
            "from": [ 1, 10, 1 ], 
            "to": [ 15, 15, 15 ], 
            "faces": {
                "north": { "texture": "#forge_hammer", "uv": [ 1, 0, 15, 5 ] },
                "east": { "texture": "#forge_hammer", "uv": [ 1, 0, 15, 5 ] },
                "south": { "texture": "#forge_hammer", "uv": [ 1, 0, 15, 5 ] },
                "west": { "texture": "#forge_hammer", "uv": [ 1, 0, 15, 5 ] },
                "up": { "texture": "#forge_hammer", "uv": [ 0, 0, 16, 16 ] },
                "down": { "texture": "#forge_hammer", "uv": [ 0, 0, 16, 16 ] }
            }
        }
    ]
}